<metadata xml:lang="en"><Esri><CreaDate>20170607</CreaDate><CreaTime>14375400</CreaTime><ArcGISFormat>1.0</ArcGISFormat><ArcGISstyle>North American Profile of ISO19115 2003</ArcGISstyle><SyncOnce>FALSE</SyncOnce><DataProperties><lineage><Process Name="Create Feature Class (4)" ToolSource="c:\program files (x86)\arcgis\desktop10.1\ArcToolbox\Toolboxes\Data Management Tools.tbx\CreateFeatureclass" Date="20170607" Time="143754">CreateFeatureclass \\os.uga.edu\onu-ocha\working\Process_Files\CODServices\Documentation\Templates\COD_XXX\Shapefiles\XXX_AdminBoundaries_ExportToShape.gdb\Data_Layers XXX_admbnda_adm3 POLYGON # DISABLED DISABLED # # 0 0 0</Process><Process Name="Add Field (10)" ToolSource="c:\program files (x86)\arcgis\desktop10.1\ArcToolbox\Toolboxes\Data Management Tools.tbx\AddField" Date="20170607" Time="143757">AddField \\os.uga.edu\onu-ocha\working\Process_Files\CODServices\Documentation\Templates\COD_XXX\Shapefiles\XXX_AdminBoundaries_ExportToShape.gdb\Data_Layers\XXX_admbnda_adm3 ADM3_EN TEXT # # 50 # NULLABLE NON_REQUIRED #</Process><Process Name="Add Field (10)" ToolSource="c:\program files (x86)\arcgis\desktop10.1\ArcToolbox\Toolboxes\Data Management Tools.tbx\AddField" Date="20170607" Time="143758">AddField \\os.uga.edu\onu-ocha\working\Process_Files\CODServices\Documentation\Templates\COD_XXX\Shapefiles\XXX_AdminBoundaries_ExportToShape.gdb\Data_Layers\XXX_admbnda_adm3 ADM3_FR TEXT # # 50 # NULLABLE NON_REQUIRED #</Process><Process Name="Add Field (10)" ToolSource="c:\program files (x86)\arcgis\desktop10.1\ArcToolbox\Toolboxes\Data Management Tools.tbx\AddField" Date="20170607" Time="143759">AddField \\os.uga.edu\onu-ocha\working\Process_Files\CODServices\Documentation\Templates\COD_XXX\Shapefiles\XXX_AdminBoundaries_ExportToShape.gdb\Data_Layers\XXX_admbnda_adm3 ADM3_AR TEXT # # 50 # NULLABLE NON_REQUIRED #</Process><Process Name="Add Field (10)" ToolSource="c:\program files (x86)\arcgis\desktop10.1\ArcToolbox\Toolboxes\Data Management Tools.tbx\AddField" Date="20170607" Time="143801">AddField \\os.uga.edu\onu-ocha\working\Process_Files\CODServices\Documentation\Templates\COD_XXX\Shapefiles\XXX_AdminBoundaries_ExportToShape.gdb\Data_Layers\XXX_admbnda_adm3 ADM3_ES TEXT # # 50 # NULLABLE NON_REQUIRED #</Process><Process Name="Add Field (10)" ToolSource="c:\program files (x86)\arcgis\desktop10.1\ArcToolbox\Toolboxes\Data Management Tools.tbx\AddField" Date="20170607" Time="143802">AddField \\os.uga.edu\onu-ocha\working\Process_Files\CODServices\Documentation\Templates\COD_XXX\Shapefiles\XXX_AdminBoundaries_ExportToShape.gdb\Data_Layers\XXX_admbnda_adm3 ADM3_PCODE TEXT # # 50 # NULLABLE NON_REQUIRED #</Process><Process Name="Add Field (10)" ToolSource="c:\program files (x86)\arcgis\desktop10.1\ArcToolbox\Toolboxes\Data Management Tools.tbx\AddField" Date="20170607" Time="143803">AddField \\os.uga.edu\onu-ocha\working\Process_Files\CODServices\Documentation\Templates\COD_XXX\Shapefiles\XXX_AdminBoundaries_ExportToShape.gdb\Data_Layers\XXX_admbnda_adm3 ADM3_REF TEXT # # 50 # NULLABLE NON_REQUIRED #</Process><Process Name="Add Field (10)" ToolSource="c:\program files (x86)\arcgis\desktop10.1\ArcToolbox\Toolboxes\Data Management Tools.tbx\AddField" Date="20170607" Time="143805">AddField \\os.uga.edu\onu-ocha\working\Process_Files\CODServices\Documentation\Templates\COD_XXX\Shapefiles\XXX_AdminBoundaries_ExportToShape.gdb\Data_Layers\XXX_admbnda_adm3 ADM3ALT1EN TEXT # # 50 # NULLABLE NON_REQUIRED #</Process><Process Name="Add Field (10)" ToolSource="c:\program files (x86)\arcgis\desktop10.1\ArcToolbox\Toolboxes\Data Management Tools.tbx\AddField" Date="20170607" Time="143806">AddField \\os.uga.edu\onu-ocha\working\Process_Files\CODServices\Documentation\Templates\COD_XXX\Shapefiles\XXX_AdminBoundaries_ExportToShape.gdb\Data_Layers\XXX_admbnda_adm3 ADM3ALT2EN TEXT # # 50 # NULLABLE NON_REQUIRED #</Process><Process Name="Add Field (10)" ToolSource="c:\program files (x86)\arcgis\desktop10.1\ArcToolbox\Toolboxes\Data Management Tools.tbx\AddField" Date="20170607" Time="143807">AddField \\os.uga.edu\onu-ocha\working\Process_Files\CODServices\Documentation\Templates\COD_XXX\Shapefiles\XXX_AdminBoundaries_ExportToShape.gdb\Data_Layers\XXX_admbnda_adm3 ADM3ALT1FR TEXT # # 50 # NULLABLE NON_REQUIRED #</Process><Process Name="Add Field (10)" ToolSource="c:\program files (x86)\arcgis\desktop10.1\ArcToolbox\Toolboxes\Data Management Tools.tbx\AddField" Date="20170607" Time="143809">AddField \\os.uga.edu\onu-ocha\working\Process_Files\CODServices\Documentation\Templates\COD_XXX\Shapefiles\XXX_AdminBoundaries_ExportToShape.gdb\Data_Layers\XXX_admbnda_adm3 ADM3ALT2FR TEXT # # 50 # NULLABLE NON_REQUIRED #</Process><Process Name="Add Field (10)" ToolSource="c:\program files (x86)\arcgis\desktop10.1\ArcToolbox\Toolboxes\Data Management Tools.tbx\AddField" Date="20170607" Time="143810">AddField \\os.uga.edu\onu-ocha\working\Process_Files\CODServices\Documentation\Templates\COD_XXX\Shapefiles\XXX_AdminBoundaries_ExportToShape.gdb\Data_Layers\XXX_admbnda_adm3 ADM3ALT1AR TEXT # # 50 # NULLABLE NON_REQUIRED #</Process><Process Name="Add Field (10)" ToolSource="c:\program files (x86)\arcgis\desktop10.1\ArcToolbox\Toolboxes\Data Management Tools.tbx\AddField" Date="20170607" Time="143812">AddField \\os.uga.edu\onu-ocha\working\Process_Files\CODServices\Documentation\Templates\COD_XXX\Shapefiles\XXX_AdminBoundaries_ExportToShape.gdb\Data_Layers\XXX_admbnda_adm3 ADM3ALT2AR TEXT # # 50 # NULLABLE NON_REQUIRED #</Process><Process Name="Add Field (10)" ToolSource="c:\program files (x86)\arcgis\desktop10.1\ArcToolbox\Toolboxes\Data Management Tools.tbx\AddField" Date="20170607" Time="143813">AddField \\os.uga.edu\onu-ocha\working\Process_Files\CODServices\Documentation\Templates\COD_XXX\Shapefiles\XXX_AdminBoundaries_ExportToShape.gdb\Data_Layers\XXX_admbnda_adm3 ADM3ALT1ES TEXT # # 50 # NULLABLE NON_REQUIRED #</Process><Process Name="Add Field (10)" ToolSource="c:\program files (x86)\arcgis\desktop10.1\ArcToolbox\Toolboxes\Data Management Tools.tbx\AddField" Date="20170607" Time="143814">AddField \\os.uga.edu\onu-ocha\working\Process_Files\CODServices\Documentation\Templates\COD_XXX\Shapefiles\XXX_AdminBoundaries_ExportToShape.gdb\Data_Layers\XXX_admbnda_adm3 ADM3ALT2ES TEXT # # 50 # NULLABLE NON_REQUIRED #</Process><Process Name="Add Field (10)" ToolSource="c:\program files (x86)\arcgis\desktop10.1\ArcToolbox\Toolboxes\Data Management Tools.tbx\AddField" Date="20170607" Time="143816">AddField \\os.uga.edu\onu-ocha\working\Process_Files\CODServices\Documentation\Templates\COD_XXX\Shapefiles\XXX_AdminBoundaries_ExportToShape.gdb\Data_Layers\XXX_admbnda_adm3 ADM2_EN TEXT # # 50 # NULLABLE NON_REQUIRED #</Process><Process Name="Add Field (10)" ToolSource="c:\program files (x86)\arcgis\desktop10.1\ArcToolbox\Toolboxes\Data Management Tools.tbx\AddField" Date="20170607" Time="143817">AddField \\os.uga.edu\onu-ocha\working\Process_Files\CODServices\Documentation\Templates\COD_XXX\Shapefiles\XXX_AdminBoundaries_ExportToShape.gdb\Data_Layers\XXX_admbnda_adm3 ADM2_FR TEXT # # 50 # NULLABLE NON_REQUIRED #</Process><Process Name="Add Field (10)" ToolSource="c:\program files (x86)\arcgis\desktop10.1\ArcToolbox\Toolboxes\Data Management Tools.tbx\AddField" Date="20170607" Time="143818">AddField \\os.uga.edu\onu-ocha\working\Process_Files\CODServices\Documentation\Templates\COD_XXX\Shapefiles\XXX_AdminBoundaries_ExportToShape.gdb\Data_Layers\XXX_admbnda_adm3 ADM2_AR TEXT # # 50 # NULLABLE NON_REQUIRED #</Process><Process Name="Add Field (10)" ToolSource="c:\program files (x86)\arcgis\desktop10.1\ArcToolbox\Toolboxes\Data Management Tools.tbx\AddField" Date="20170607" Time="143820">AddField \\os.uga.edu\onu-ocha\working\Process_Files\CODServices\Documentation\Templates\COD_XXX\Shapefiles\XXX_AdminBoundaries_ExportToShape.gdb\Data_Layers\XXX_admbnda_adm3 ADM2_ES TEXT # # 50 # NULLABLE NON_REQUIRED #</Process><Process Name="Add Field (10)" ToolSource="c:\program files (x86)\arcgis\desktop10.1\ArcToolbox\Toolboxes\Data Management Tools.tbx\AddField" Date="20170607" Time="143821">AddField \\os.uga.edu\onu-ocha\working\Process_Files\CODServices\Documentation\Templates\COD_XXX\Shapefiles\XXX_AdminBoundaries_ExportToShape.gdb\Data_Layers\XXX_admbnda_adm3 ADM2_PCODE TEXT # # 50 # NULLABLE NON_REQUIRED #</Process><Process Name="Add Field (10)" ToolSource="c:\program files (x86)\arcgis\desktop10.1\ArcToolbox\Toolboxes\Data Management Tools.tbx\AddField" Date="20170607" Time="143823">AddField \\os.uga.edu\onu-ocha\working\Process_Files\CODServices\Documentation\Templates\COD_XXX\Shapefiles\XXX_AdminBoundaries_ExportToShape.gdb\Data_Layers\XXX_admbnda_adm3 ADM1_EN TEXT # # 50 # NULLABLE NON_REQUIRED #</Process><Process Name="Add Field (10)" ToolSource="c:\program files (x86)\arcgis\desktop10.1\ArcToolbox\Toolboxes\Data Management Tools.tbx\AddField" Date="20170607" Time="143825">AddField \\os.uga.edu\onu-ocha\working\Process_Files\CODServices\Documentation\Templates\COD_XXX\Shapefiles\XXX_AdminBoundaries_ExportToShape.gdb\Data_Layers\XXX_admbnda_adm3 ADM1_FR TEXT # # 50 # NULLABLE NON_REQUIRED #</Process><Process Name="Add Field (10)" ToolSource="c:\program files (x86)\arcgis\desktop10.1\ArcToolbox\Toolboxes\Data Management Tools.tbx\AddField" Date="20170607" Time="143826">AddField \\os.uga.edu\onu-ocha\working\Process_Files\CODServices\Documentation\Templates\COD_XXX\Shapefiles\XXX_AdminBoundaries_ExportToShape.gdb\Data_Layers\XXX_admbnda_adm3 ADM1_AR TEXT # # 50 # NULLABLE NON_REQUIRED #</Process><Process Name="Add Field (10)" ToolSource="c:\program files (x86)\arcgis\desktop10.1\ArcToolbox\Toolboxes\Data Management Tools.tbx\AddField" Date="20170607" Time="143827">AddField \\os.uga.edu\onu-ocha\working\Process_Files\CODServices\Documentation\Templates\COD_XXX\Shapefiles\XXX_AdminBoundaries_ExportToShape.gdb\Data_Layers\XXX_admbnda_adm3 ADM1_ES TEXT # # 50 # NULLABLE NON_REQUIRED #</Process><Process Name="Add Field (10)" ToolSource="c:\program files (x86)\arcgis\desktop10.1\ArcToolbox\Toolboxes\Data Management Tools.tbx\AddField" Date="20170607" Time="143829">AddField \\os.uga.edu\onu-ocha\working\Process_Files\CODServices\Documentation\Templates\COD_XXX\Shapefiles\XXX_AdminBoundaries_ExportToShape.gdb\Data_Layers\XXX_admbnda_adm3 ADM1_PCODE TEXT # # 50 # NULLABLE NON_REQUIRED #</Process><Process Name="Add Field (10)" ToolSource="c:\program files (x86)\arcgis\desktop10.1\ArcToolbox\Toolboxes\Data Management Tools.tbx\AddField" Date="20170607" Time="143830">AddField \\os.uga.edu\onu-ocha\working\Process_Files\CODServices\Documentation\Templates\COD_XXX\Shapefiles\XXX_AdminBoundaries_ExportToShape.gdb\Data_Layers\XXX_admbnda_adm3 ADM0_EN TEXT # # 50 # NULLABLE NON_REQUIRED #</Process><Process Name="Add Field (10)" ToolSource="c:\program files (x86)\arcgis\desktop10.1\ArcToolbox\Toolboxes\Data Management Tools.tbx\AddField" Date="20170607" Time="143832">AddField \\os.uga.edu\onu-ocha\working\Process_Files\CODServices\Documentation\Templates\COD_XXX\Shapefiles\XXX_AdminBoundaries_ExportToShape.gdb\Data_Layers\XXX_admbnda_adm3 ADM0_FR TEXT # # 50 # NULLABLE NON_REQUIRED #</Process><Process Name="Add Field (10)" ToolSource="c:\program files (x86)\arcgis\desktop10.1\ArcToolbox\Toolboxes\Data Management Tools.tbx\AddField" Date="20170607" Time="143833">AddField \\os.uga.edu\onu-ocha\working\Process_Files\CODServices\Documentation\Templates\COD_XXX\Shapefiles\XXX_AdminBoundaries_ExportToShape.gdb\Data_Layers\XXX_admbnda_adm3 ADM0_AR TEXT # # 50 # NULLABLE NON_REQUIRED #</Process><Process Name="Add Field (10)" ToolSource="c:\program files (x86)\arcgis\desktop10.1\ArcToolbox\Toolboxes\Data Management Tools.tbx\AddField" Date="20170607" Time="143835">AddField \\os.uga.edu\onu-ocha\working\Process_Files\CODServices\Documentation\Templates\COD_XXX\Shapefiles\XXX_AdminBoundaries_ExportToShape.gdb\Data_Layers\XXX_admbnda_adm3 ADM0_ES TEXT # # 50 # NULLABLE NON_REQUIRED #</Process><Process Name="Add Field (10)" ToolSource="c:\program files (x86)\arcgis\desktop10.1\ArcToolbox\Toolboxes\Data Management Tools.tbx\AddField" Date="20170607" Time="143836">AddField \\os.uga.edu\onu-ocha\working\Process_Files\CODServices\Documentation\Templates\COD_XXX\Shapefiles\XXX_AdminBoundaries_ExportToShape.gdb\Data_Layers\XXX_admbnda_adm3 ADM0_PCODE TEXT # # 50 # NULLABLE NON_REQUIRED #</Process><Process Name="Add Field (12)" ToolSource="c:\program files (x86)\arcgis\desktop10.1\ArcToolbox\Toolboxes\Data Management Tools.tbx\AddField" Date="20170607" Time="143838">AddField \\os.uga.edu\onu-ocha\working\Process_Files\CODServices\Documentation\Templates\COD_XXX\Shapefiles\XXX_AdminBoundaries_ExportToShape.gdb\Data_Layers\XXX_admbnda_adm3 date DATE # # # # NULLABLE NON_REQUIRED #</Process><Process Name="Add Field (12)" ToolSource="c:\program files (x86)\arcgis\desktop10.1\ArcToolbox\Toolboxes\Data Management Tools.tbx\AddField" Date="20170607" Time="143840">AddField \\os.uga.edu\onu-ocha\working\Process_Files\CODServices\Documentation\Templates\COD_XXX\Shapefiles\XXX_AdminBoundaries_ExportToShape.gdb\Data_Layers\XXX_admbnda_adm3 validOn DATE # # # # NULLABLE NON_REQUIRED #</Process><Process Name="Add Field (12)" ToolSource="c:\program files (x86)\arcgis\desktop10.1\ArcToolbox\Toolboxes\Data Management Tools.tbx\AddField" Date="20170607" Time="143841">AddField \\os.uga.edu\onu-ocha\working\Process_Files\CODServices\Documentation\Templates\COD_XXX\Shapefiles\XXX_AdminBoundaries_ExportToShape.gdb\Data_Layers\XXX_admbnda_adm3 validTo DATE # # # # NULLABLE NON_REQUIRED #</Process><Process ToolSource="c:\program files (x86)\arcgis\desktop10.1\ArcToolbox\Toolboxes\Data Management Tools.tbx\DeleteField" Date="20170804" Time="170059">DeleteField K:\working\Process_Files\CODServices\COD_EGY\Candidates\Shapefiles\XXX_AdminBnd_ExportToShape.mdb\XXX_admbnda_adm3_scale_source ADM3_FR;ADM3_ES;ADM3_RU;ADM3_KY;ADM3ALT1FR;ADM3ALT2FR;ADM3ALT1ES;ADM3ALT2ES;ADM3ALT1RU;ADM3ALT2RU;ADM3ALT1KY;ADM3ALT2KY;ADM2_FR;ADM2_ES;ADM2_RU;ADM2_KY;ADM1_FR;ADM1_ES;ADM1_RU;ADM1_KY;ADM0_FR;ADM0_ES;ADM0_RU;ADM0_KY;ADM3TYP_EN;ADM3TYP_FR;ADM3TYP_AR;ADM3TYP_ES;ADM3TYP_RU;ADM3TYP_KY</Process><Process ToolSource="c:\program files (x86)\arcgis\desktop10.1\ArcToolbox\Toolboxes\Conversion Tools.tbx\FeatureClassToFeatureClass" Date="20170807" Time="131651">FeatureClassToFeatureClass K:\working\Process_Files\CODServices\COD_EGY\Candidates\Shapefiles\XXX_AdminBnd_ExportToShape.mdb\egy_admbnda_adm3_capmas_20170421 K:\working\Process_Files\CODServices\COD_EGY\Candidates\Shapefiles egy_admbnda_adm3_capmas_20170421.shp # "ADM3_EN "ADM3_EN" true true false 50 Text 0 0 ,First,#,K:\working\Process_Files\CODServices\COD_EGY\Candidates\Shapefiles\XXX_AdminBnd_ExportToShape.mdb\egy_admbnda_adm3_capmas_20170421,ADM3_EN,-1,-1;ADM3_AR "ADM3_AR" true true false 50 Text 0 0 ,First,#,K:\working\Process_Files\CODServices\COD_EGY\Candidates\Shapefiles\XXX_AdminBnd_ExportToShape.mdb\egy_admbnda_adm3_capmas_20170421,ADM3_AR,-1,-1;ADM3_PCODE "ADM3_PCODE" true true false 50 Text 0 0 ,First,#,K:\working\Process_Files\CODServices\COD_EGY\Candidates\Shapefiles\XXX_AdminBnd_ExportToShape.mdb\egy_admbnda_adm3_capmas_20170421,ADM3_PCODE,-1,-1;ADM3_REF "ADM3_REF" true true false 50 Text 0 0 ,First,#,K:\working\Process_Files\CODServices\COD_EGY\Candidates\Shapefiles\XXX_AdminBnd_ExportToShape.mdb\egy_admbnda_adm3_capmas_20170421,ADM3_REF,-1,-1;ADM3ALT1EN "ADM3ALT1EN" true true false 50 Text 0 0 ,First,#,K:\working\Process_Files\CODServices\COD_EGY\Candidates\Shapefiles\XXX_AdminBnd_ExportToShape.mdb\egy_admbnda_adm3_capmas_20170421,ADM3ALT1EN,-1,-1;ADM3ALT2EN "ADM3ALT2EN" true true false 50 Text 0 0 ,First,#,K:\working\Process_Files\CODServices\COD_EGY\Candidates\Shapefiles\XXX_AdminBnd_ExportToShape.mdb\egy_admbnda_adm3_capmas_20170421,ADM3ALT2EN,-1,-1;ADM3ALT1AR "ADM3ALT1AR" true true false 50 Text 0 0 ,First,#,K:\working\Process_Files\CODServices\COD_EGY\Candidates\Shapefiles\XXX_AdminBnd_ExportToShape.mdb\egy_admbnda_adm3_capmas_20170421,ADM3ALT1AR,-1,-1;ADM3ALT2AR "ADM3ALT2AR" true true false 50 Text 0 0 ,First,#,K:\working\Process_Files\CODServices\COD_EGY\Candidates\Shapefiles\XXX_AdminBnd_ExportToShape.mdb\egy_admbnda_adm3_capmas_20170421,ADM3ALT2AR,-1,-1;ADM2_EN "ADM2_EN" true true false 50 Text 0 0 ,First,#,K:\working\Process_Files\CODServices\COD_EGY\Candidates\Shapefiles\XXX_AdminBnd_ExportToShape.mdb\egy_admbnda_adm3_capmas_20170421,ADM2_EN,-1,-1;ADM2_AR "ADM2_AR" true true false 50 Text 0 0 ,First,#,K:\working\Process_Files\CODServices\COD_EGY\Candidates\Shapefiles\XXX_AdminBnd_ExportToShape.mdb\egy_admbnda_adm3_capmas_20170421,ADM2_AR,-1,-1;ADM2_PCODE "ADM2_PCODE" true true false 50 Text 0 0 ,First,#,K:\working\Process_Files\CODServices\COD_EGY\Candidates\Shapefiles\XXX_AdminBnd_ExportToShape.mdb\egy_admbnda_adm3_capmas_20170421,ADM2_PCODE,-1,-1;ADM1_EN "ADM1_EN" true true false 50 Text 0 0 ,First,#,K:\working\Process_Files\CODServices\COD_EGY\Candidates\Shapefiles\XXX_AdminBnd_ExportToShape.mdb\egy_admbnda_adm3_capmas_20170421,ADM1_EN,-1,-1;ADM1_AR "ADM1_AR" true true false 50 Text 0 0 ,First,#,K:\working\Process_Files\CODServices\COD_EGY\Candidates\Shapefiles\XXX_AdminBnd_ExportToShape.mdb\egy_admbnda_adm3_capmas_20170421,ADM1_AR,-1,-1;ADM1_PCODE "ADM1_PCODE" true true false 50 Text 0 0 ,First,#,K:\working\Process_Files\CODServices\COD_EGY\Candidates\Shapefiles\XXX_AdminBnd_ExportToShape.mdb\egy_admbnda_adm3_capmas_20170421,ADM1_PCODE,-1,-1;ADM0_EN "ADM0_EN" true true false 50 Text 0 0 ,First,#,K:\working\Process_Files\CODServices\COD_EGY\Candidates\Shapefiles\XXX_AdminBnd_ExportToShape.mdb\egy_admbnda_adm3_capmas_20170421,ADM0_EN,-1,-1;ADM0_AR "ADM0_AR" true true false 50 Text 0 0 ,First,#,K:\working\Process_Files\CODServices\COD_EGY\Candidates\Shapefiles\XXX_AdminBnd_ExportToShape.mdb\egy_admbnda_adm3_capmas_20170421,ADM0_AR,-1,-1;ADM0_PCODE "ADM0_PCODE" true true false 50 Text 0 0 ,First,#,K:\working\Process_Files\CODServices\COD_EGY\Candidates\Shapefiles\XXX_AdminBnd_ExportToShape.mdb\egy_admbnda_adm3_capmas_20170421,ADM0_PCODE,-1,-1;date "date" true true false 8 Date 0 0 ,First,#,K:\working\Process_Files\CODServices\COD_EGY\Candidates\Shapefiles\XXX_AdminBnd_ExportToShape.mdb\egy_admbnda_adm3_capmas_20170421,date,-1,-1;validOn "validOn" true true false 8 Date 0 0 ,First,#,K:\working\Process_Files\CODServices\COD_EGY\Candidates\Shapefiles\XXX_AdminBnd_ExportToShape.mdb\egy_admbnda_adm3_capmas_20170421,validOn,-1,-1;validTo "validTo" true true false 8 Date 0 0 ,First,#,K:\working\Process_Files\CODServices\COD_EGY\Candidates\Shapefiles\XXX_AdminBnd_ExportToShape.mdb\egy_admbnda_adm3_capmas_20170421,validTo,-1,-1;Shape_Leng "Shape_Length" false true true 8 Double 0 0 ,First,#,K:\working\Process_Files\CODServices\COD_EGY\Candidates\Shapefiles\XXX_AdminBnd_ExportToShape.mdb\egy_admbnda_adm3_capmas_20170421,Shape_Length,-1,-1;Shape_Area "Shape_Area" false true true 8 Double 0 0 ,First,#,K:\working\Process_Files\CODServices\COD_EGY\Candidates\Shapefiles\XXX_AdminBnd_ExportToShape.mdb\egy_admbnda_adm3_capmas_20170421,Shape_Area,-1,-1" #</Process></lineage><itemProps><itemName Sync="TRUE">egy_admbnda_adm3_capmas_20170421</itemName><imsContentType Sync="TRUE">002</imsContentType><itemLocation><linkage Sync="TRUE">file://\\os.uga.edu\onu-ocha\working\Process_Files\CODServices\COD_EGY\Candidates\Shapefiles\egy_admbnda_adm3_capmas_20170421.shp</linkage><protocol Sync="TRUE">Local Area Network</protocol></itemLocation><itemSize Sync="TRUE">0.000</itemSize></itemProps><coordRef><type Sync="TRUE">Geographic</type><geogcsn Sync="TRUE">GCS_WGS_1984</geogcsn><csUnits Sync="TRUE">Angular Unit: Degree (0.017453)</csUnits><peXml Sync="TRUE">&lt;GeographicCoordinateSystem xsi:type='typens:GeographicCoordinateSystem' xmlns:xsi='http://www.w3.org/2001/XMLSchema-instance' xmlns:xs='http://www.w3.org/2001/XMLSchema' xmlns:typens='http://www.esri.com/schemas/ArcGIS/10.1'&gt;&lt;WKT&gt;GEOGCS[&amp;quot;GCS_WGS_1984&amp;quot;,DATUM[&amp;quot;D_WGS_1984&amp;quot;,SPHEROID[&amp;quot;WGS_1984&amp;quot;,6378137.0,298.257223563]],PRIMEM[&amp;quot;Greenwich&amp;quot;,0.0],UNIT[&amp;quot;Degree&amp;quot;,0.0174532925199433],AUTHORITY[&amp;quot;EPSG&amp;quot;,4326]]&lt;/WKT&gt;&lt;XOrigin&gt;-400&lt;/XOrigin&gt;&lt;YOrigin&gt;-400&lt;/YOrigin&gt;&lt;XYScale&gt;11258999068426.238&lt;/XYScale&gt;&lt;ZOrigin&gt;-100000&lt;/ZOrigin&gt;&lt;ZScale&gt;10000&lt;/ZScale&gt;&lt;MOrigin&gt;-100000&lt;/MOrigin&gt;&lt;MScale&gt;10000&lt;/MScale&gt;&lt;XYTolerance&gt;8.983152841195215e-009&lt;/XYTolerance&gt;&lt;ZTolerance&gt;0.001&lt;/ZTolerance&gt;&lt;MTolerance&gt;0.001&lt;/MTolerance&gt;&lt;HighPrecision&gt;true&lt;/HighPrecision&gt;&lt;LeftLongitude&gt;-180&lt;/LeftLongitude&gt;&lt;WKID&gt;4326&lt;/WKID&gt;&lt;LatestWKID&gt;4326&lt;/LatestWKID&gt;&lt;/GeographicCoordinateSystem&gt;</peXml></coordRef></DataProperties><SyncDate>20170807</SyncDate><SyncTime>13164600</SyncTime><ModDate>20170807</ModDate><ModTime>13164600</ModTime></Esri><dataIdInfo><envirDesc Sync="TRUE"> Version 6.2 (Build 9200) ; Esri ArcGIS 10.1.1.3143</envirDesc><dataLang><languageCode value="eng" Sync="TRUE"></languageCode><countryCode value="USA" Sync="TRUE"></countryCode></dataLang><idCitation><resTitle Sync="TRUE">egy_admbnda_adm3_capmas_20170421</resTitle><presForm><PresFormCd value="005" Sync="TRUE"></PresFormCd></presForm></idCitation><spatRpType><SpatRepTypCd value="001" Sync="TRUE"></SpatRepTypCd></spatRpType></dataIdInfo><mdLang><languageCode value="eng" Sync="TRUE"></languageCode><countryCode value="USA" Sync="TRUE"></countryCode></mdLang><distInfo><distFormat><formatName Sync="TRUE">Shapefile</formatName></distFormat><distTranOps><transSize Sync="TRUE">0.000</transSize></distTranOps></distInfo><mdHrLv><ScopeCd value="005" Sync="TRUE"></ScopeCd></mdHrLv><mdHrLvName Sync="TRUE">dataset</mdHrLvName><refSysInfo><RefSystem><refSysID><identCode code="4326" Sync="TRUE"></identCode><idCodeSpace Sync="TRUE">EPSG</idCodeSpace><idVersion Sync="TRUE">7.11.2</idVersion></refSysID></RefSystem></refSysInfo><spatRepInfo><VectSpatRep><geometObjs Name="egy_admbnda_adm3_capmas_20170421"><geoObjTyp><GeoObjTypCd value="002" Sync="TRUE"></GeoObjTypCd></geoObjTyp><geoObjCnt Sync="TRUE">0</geoObjCnt></geometObjs><topLvl><TopoLevCd value="001" Sync="TRUE"></TopoLevCd></topLvl></VectSpatRep></spatRepInfo><spdoinfo><ptvctinf><esriterm Name="egy_admbnda_adm3_capmas_20170421"><efeatyp Sync="TRUE">Simple</efeatyp><efeageom code="4" Sync="TRUE"></efeageom><esritopo Sync="TRUE">FALSE</esritopo><efeacnt Sync="TRUE">0</efeacnt><spindex Sync="TRUE">FALSE</spindex><linrefer Sync="TRUE">FALSE</linrefer></esriterm></ptvctinf></spdoinfo><eainfo><detailed Name="egy_admbnda_adm3_capmas_20170421"><enttyp><enttypl Sync="TRUE">egy_admbnda_adm3_capmas_20170421</enttypl><enttypt Sync="TRUE">Feature Class</enttypt><enttypc Sync="TRUE">0</enttypc></enttyp><attr><attrlabl Sync="TRUE">FID</attrlabl><attalias Sync="TRUE">FID</attalias><attrtype Sync="TRUE">OID</attrtype><attwidth Sync="TRUE">4</attwidth><atprecis Sync="TRUE">0</atprecis><attscale Sync="TRUE">0</attscale><attrdef Sync="TRUE">Internal feature number.</attrdef><attrdefs Sync="TRUE">Esri</attrdefs><attrdomv><udom Sync="TRUE">Sequential unique whole numbers that are automatically generated.</udom></attrdomv></attr><attr><attrlabl Sync="TRUE">Shape</attrlabl><attalias Sync="TRUE">Shape</attalias><attrtype Sync="TRUE">Geometry</attrtype><attwidth Sync="TRUE">0</attwidth><atprecis Sync="TRUE">0</atprecis><attscale Sync="TRUE">0</attscale><attrdef Sync="TRUE">Feature geometry.</attrdef><attrdefs Sync="TRUE">Esri</attrdefs><attrdomv><udom Sync="TRUE">Coordinates defining the features.</udom></attrdomv></attr><attr><attrlabl Sync="TRUE">ADM3_EN</attrlabl><attalias Sync="TRUE">ADM3_EN</attalias><attrtype Sync="TRUE">String</attrtype><attwidth Sync="TRUE">50</attwidth><atprecis Sync="TRUE">0</atprecis><attscale Sync="TRUE">0</attscale></attr><attr><attrlabl Sync="TRUE">ADM3_AR</attrlabl><attalias Sync="TRUE">ADM3_AR</attalias><attrtype Sync="TRUE">String</attrtype><attwidth Sync="TRUE">50</attwidth><atprecis Sync="TRUE">0</atprecis><attscale Sync="TRUE">0</attscale></attr><attr><attrlabl Sync="TRUE">ADM3_PCODE</attrlabl><attalias Sync="TRUE">ADM3_PCODE</attalias><attrtype Sync="TRUE">String</attrtype><attwidth Sync="TRUE">50</attwidth><atprecis Sync="TRUE">0</atprecis><attscale Sync="TRUE">0</attscale></attr><attr><attrlabl Sync="TRUE">ADM3_REF</attrlabl><attalias Sync="TRUE">ADM3_REF</attalias><attrtype Sync="TRUE">String</attrtype><attwidth Sync="TRUE">50</attwidth><atprecis Sync="TRUE">0</atprecis><attscale Sync="TRUE">0</attscale></attr><attr><attrlabl Sync="TRUE">ADM3ALT1EN</attrlabl><attalias Sync="TRUE">ADM3ALT1EN</attalias><attrtype Sync="TRUE">String</attrtype><attwidth Sync="TRUE">50</attwidth><atprecis Sync="TRUE">0</atprecis><attscale Sync="TRUE">0</attscale></attr><attr><attrlabl Sync="TRUE">ADM3ALT2EN</attrlabl><attalias Sync="TRUE">ADM3ALT2EN</attalias><attrtype Sync="TRUE">String</attrtype><attwidth Sync="TRUE">50</attwidth><atprecis Sync="TRUE">0</atprecis><attscale Sync="TRUE">0</attscale></attr><attr><attrlabl Sync="TRUE">ADM3ALT1AR</attrlabl><attalias Sync="TRUE">ADM3ALT1AR</attalias><attrtype Sync="TRUE">String</attrtype><attwidth Sync="TRUE">50</attwidth><atprecis Sync="TRUE">0</atprecis><attscale Sync="TRUE">0</attscale></attr><attr><attrlabl Sync="TRUE">ADM3ALT2AR</attrlabl><attalias Sync="TRUE">ADM3ALT2AR</attalias><attrtype Sync="TRUE">String</attrtype><attwidth Sync="TRUE">50</attwidth><atprecis Sync="TRUE">0</atprecis><attscale Sync="TRUE">0</attscale></attr><attr><attrlabl Sync="TRUE">ADM2_EN</attrlabl><attalias Sync="TRUE">ADM2_EN</attalias><attrtype Sync="TRUE">String</attrtype><attwidth Sync="TRUE">50</attwidth><atprecis Sync="TRUE">0</atprecis><attscale Sync="TRUE">0</attscale></attr><attr><attrlabl Sync="TRUE">ADM2_AR</attrlabl><attalias Sync="TRUE">ADM2_AR</attalias><attrtype Sync="TRUE">String</attrtype><attwidth Sync="TRUE">50</attwidth><atprecis Sync="TRUE">0</atprecis><attscale Sync="TRUE">0</attscale></attr><attr><attrlabl Sync="TRUE">ADM2_PCODE</attrlabl><attalias Sync="TRUE">ADM2_PCODE</attalias><attrtype Sync="TRUE">String</attrtype><attwidth Sync="TRUE">50</attwidth><atprecis Sync="TRUE">0</atprecis><attscale Sync="TRUE">0</attscale></attr><attr><attrlabl Sync="TRUE">ADM1_EN</attrlabl><attalias Sync="TRUE">ADM1_EN</attalias><attrtype Sync="TRUE">String</attrtype><attwidth Sync="TRUE">50</attwidth><atprecis Sync="TRUE">0</atprecis><attscale Sync="TRUE">0</attscale></attr><attr><attrlabl Sync="TRUE">ADM1_AR</attrlabl><attalias Sync="TRUE">ADM1_AR</attalias><attrtype Sync="TRUE">String</attrtype><attwidth Sync="TRUE">50</attwidth><atprecis Sync="TRUE">0</atprecis><attscale Sync="TRUE">0</attscale></attr><attr><attrlabl Sync="TRUE">ADM1_PCODE</attrlabl><attalias Sync="TRUE">ADM1_PCODE</attalias><attrtype Sync="TRUE">String</attrtype><attwidth Sync="TRUE">50</attwidth><atprecis Sync="TRUE">0</atprecis><attscale Sync="TRUE">0</attscale></attr><attr><attrlabl Sync="TRUE">ADM0_EN</attrlabl><attalias Sync="TRUE">ADM0_EN</attalias><attrtype Sync="TRUE">String</attrtype><attwidth Sync="TRUE">50</attwidth><atprecis Sync="TRUE">0</atprecis><attscale Sync="TRUE">0</attscale></attr><attr><attrlabl Sync="TRUE">ADM0_AR</attrlabl><attalias Sync="TRUE">ADM0_AR</attalias><attrtype Sync="TRUE">String</attrtype><attwidth Sync="TRUE">50</attwidth><atprecis Sync="TRUE">0</atprecis><attscale Sync="TRUE">0</attscale></attr><attr><attrlabl Sync="TRUE">ADM0_PCODE</attrlabl><attalias Sync="TRUE">ADM0_PCODE</attalias><attrtype Sync="TRUE">String</attrtype><attwidth Sync="TRUE">50</attwidth><atprecis Sync="TRUE">0</atprecis><attscale Sync="TRUE">0</attscale></attr><attr><attrlabl Sync="TRUE">date</attrlabl><attalias Sync="TRUE">date</attalias><attrtype Sync="TRUE">Date</attrtype><attwidth Sync="TRUE">8</attwidth><atprecis Sync="TRUE">0</atprecis><attscale Sync="TRUE">0</attscale></attr><attr><attrlabl Sync="TRUE">validOn</attrlabl><attalias Sync="TRUE">validOn</attalias><attrtype Sync="TRUE">Date</attrtype><attwidth Sync="TRUE">8</attwidth><atprecis Sync="TRUE">0</atprecis><attscale Sync="TRUE">0</attscale></attr><attr><attrlabl Sync="TRUE">validTo</attrlabl><attalias Sync="TRUE">validTo</attalias><attrtype Sync="TRUE">Date</attrtype><attwidth Sync="TRUE">8</attwidth><atprecis Sync="TRUE">0</atprecis><attscale Sync="TRUE">0</attscale></attr><attr><attrlabl Sync="TRUE">Shape_Leng</attrlabl><attalias Sync="TRUE">Shape_Leng</attalias><attrtype Sync="TRUE">Double</attrtype><attwidth Sync="TRUE">19</attwidth><atprecis Sync="TRUE">0</atprecis><attscale Sync="TRUE">0</attscale></attr><attr><attrlabl Sync="TRUE">Shape_Area</attrlabl><attalias Sync="TRUE">Shape_Area</attalias><attrtype Sync="TRUE">Double</attrtype><attwidth Sync="TRUE">19</attwidth><atprecis Sync="TRUE">0</atprecis><attscale Sync="TRUE">0</attscale><attrdef Sync="TRUE">Area of feature in internal units squared.</attrdef><attrdefs Sync="TRUE">Esri</attrdefs><attrdomv><udom Sync="TRUE">Positive real numbers that are automatically generated.</udom></attrdomv></attr></detailed></eainfo><mdDateSt Sync="TRUE">20170807</mdDateSt></metadata>
